"","handle","followers"
"1","nytimes","49 927 044"
"2","FoxNews","20 086 488 "
"3","WSJ","18 837 818 "
"4","washingtonpost","17 955 561 "
"5","ABC","16 639 871 "
"6","AP","15 173 455 "
"7","voguemagazine","13 960 158 "
"8","enews","11 687 151 "
"9","billboard","11 640 857 "
"10","Marvel","11 555 833 "
"11","WIRED","10 277 101 "
"12","TechCrunch","10 088 942 "
"13","mashable","9 511 578 "
"14","Discovery","9 035 991 "
"15","NewYorker","8 964 901 "
"16","NPR","8 699 337 "
"17","NBCNews","8 496 303 "
"18","CBSNews","8 117 151 "
"19","IGN","8 104 399 "
"20","people","7 579 600 "
"21","ELLEmagazine","6 725 713 "
"22","foodandwine","6 547 109 "
"23","EW","6 486 301 "
"24","BuzzFeed","6 375 251 "
"25","RollingStone","6 351 096 "
"26","ESPNcricinfo","6 132 524 "
"27","TwitterAPI","6 023 047 "
"28","TMZ","5 687 411 "
"29","HarvardBiz","5 677 096 "
"30","nytimesbooks","5 562 748 "
"31","NBATV","5 285 520 "
"32","VanityFair","4 818 871 "
"33","parentsmagazine","4 695 838 "
"34","WomensHealthMag","4 599 635 "
"35","politico","4 497 352 "
"36","NBAonTNT","4 434 970 "
"37","MensHealthMag","4 427 109 "
"38","USATODAY","4 360 001 "
"39","ChinaDaily","4 289 739 "
"40","InStyle","4 281 378 "
"41","thehill","4 186 578 "
"42","TravelLeisure","4 147 611 "
"43","LIFE","4 143 637 "
"44","CNNPolitics","4 132 014 "
"45","nflnetwork","4 129 602 "
"46","MarketWatch","4 022 336 "
"47","sciam","3 977 288 "
"48","Nickelodeon","3 900 571 "
"49","weatherchannel","3 877 826 "
"50","XXL","3 856 603 "
"51","latimes","3 795 576 "
"52","healthmagazine","3 603 144 "
"53","Entrepreneur","3 534 769 "
"54","Newsweek","3 438 892 "
"55","BusinessInsider","3 341 220 "
"56","THR","3 291 282 "
"57","TeenVogue","3 270 617 "
"58","bonappetit","3 242 773 "
"59","CNTraveler","3 178 639 "
"60","ScienceChannel","3 166 697 "
"61","travelchannel","3 161 288 "
"62","nprpolitics","3 038 904 "
"63","barstoolsports","2 895 551 "
"64","HBO","2 796 470 "
"65","Inc","2 775 709 "
"66","wwd","2 773 411 "
"67","HISTORY","2 769 123 "
"68","nowthisnews","2 749 049 "
"69","Univision","2 737 759 "
"70","nytimesarts","2 706 931 "
"71","BET","2 573 300 "
"72","Complex","2 519 455 "
"73","TwitterGov","2 379 625 "
"74","younghollywood","2 356 022 "
"75","FastCompany","2 343 871 "
"76","gameinformer","2 330 443 "
"77","PBS","2 276 671 "
"78","nybooks","2 275 434 "
"79","FortuneMagazine","2 261 855 "
"80","NatGeoTV","2 206 021 "
"81","nypost","2 199 592 "
"82","usweekly","2 117 446 "
"83","nytimesworld","2 112 492 "
"84","UniNoticias","2 108 417 "
"85","TheAtlantic","2 102 999 "
"86","cspan","2 092 881 "
"87","nbc","2 074 970 "
"88","FOXSports","2 065 976 "
"89","DigitalTrends","2 058 296 "
"90","WhoWhatWear","2 038 558 "
"91","VICE","2 037 490 "
"92","ArchDigest","2 035 174 "
"93","WIREDScience","2 031 554 "
"94","ESPNDeportes","1 964 847 "
"95","parenting","1 953 788 "
"96","CNNweather","1 941 423 "
"97","AnimalPlanet","1 922 377 "
"98","BW","1 852 853 "
"99","foxnewspolitics","1 848 134 "
"100","CNNBusiness","1 847 596 "
"101","NYMag","1 802 032 "
"102","Slate","1 784 866 "
"103","tmagazine","1 761 742 "
"104","MLBNetwork","1 728 623 "
"105","ESPNStatsInfo","1 724 086 "
"106","gadgetlab","1 709 542 "
"107","harpersbazaarus","1 690 109 "
"108","VOANews","1 680 512 "
"109","runnersworld","1 653 477 "
"110","WSJbusiness","1 628 219 "
"111","GoogleAI","1 598 852 "
"112","Cosmopolitan","1 595 201 "
"113","ComedyCentral","1 584 518 "
"114","HuffPostParents","1 580 120 "
"115","Playboy","1 563 934 "
"116","OANN","1 502 020 "
"117","BreitbartNews","1 470 145 "
"118","wmag","1 462 604 "
"119","Yoga_Journal","1 444 664 "
"120","HuffPostPol","1 444 433 "
"121","hgtv","1 437 323 "
"122","FOXTV","1 427 876 "
"123","TheCut","1 417 331 "
"124","PopSci","1 410 369 "
"125","nytfood","1 409 179 "
"126","FitnessMagazine","1 407 776 "
"127","BuzzFeedNews","1 379 718 "
"128","FOXSoccer","1 369 022 "
"129","dwell","1 368 709 "
"130","FiveThirtyEight","1 339 065 "
"131","thedailybeast","1 327 452 "
"132","RealSimple","1 314 450 "
"133","InteriorDesign","1 307 065 "
"134","seventeen","1 288 587 "
"135","thenation","1 274 313 "
"136","EsquireNetwork","1 261 414 "
"137","TwitterBusiness","1 259 564 "
"138","Quicktake","1 252 305 "
"139","digg","1 250 892 "
"140","BITech","1 239 409 "
"141","CBSSports","1 236 017 "
"142","VH1","1 231 454 "
"143","AMCTalkingDead","1 229 381 "
"144","BravoTV","1 214 676 "
"145","NYTHealth","1 185 993 "
"146","CBS","1 174 687 "
"147","wsbtv","1 172 140 "
"148","nytimesphoto","1 168 091 "
"149","NYTScience","1 164 881 "
"150","ABC7","1 141 288 "
"151","CARandDRIVER","1 140 421 "
"152","SLAMonline","1 136 891 "
"153","techreview","1 129 264 "
"154","Flickr","1 128 723 "
"155","chicagotribune","1 120 750 "
"156","NylonMag","1 114 518 "
"157","nytimestravel","1 100 149 "
"158","capitalweather","1 086 385 "
"159","OutdoorPhotoMag","1 082 991 "
"160","HOT97","1 081 714 "
"161","TVGuide","1 071 519 "
"162","TheCW","1 068 555 "
"163","BitcoinMagazine","1 058 453 "
"164","ajc","1 052 862 "
"165","NPRHealth","1 036 276 "
"166","TwitterMktg","1 013 755 "
"167","cartoonnetwork","1 011 790 "
"168","NBCNewsHealth","1 011 312 "
"169","SECNetwork","1 007 303 "
"170","NBCSports","1 003 856 "
"171","RoosterTeeth","1 003 024 "
"172","parisreview","996 837 "
"173","ABCPolitics","989 957 "
"174","mjfit","983 186 "
"175","adage","980 398 "
"176","OWNTV","975 961 "
"177","DEADLINE","972 144 "
"178","Salon","968 045 "
"179","markets","966 135 "
"180","NYTFashion","956 077 "
"181","CNNTravel","930 529 "
"182","propublica","919 385 "
"183","GolfChannel","919 314 "
"184","GolfDigest","915 788 "
"185","NASCARONFOX","909 152 "
"186","vmagazine","901 983 "
"187","newsmax","892 104 "
"188","DisneyChannel","890 203 "
"189","educationweek","890 151 "
"190","peoplestyle","884 000 "
"191","PEOPLEPets","882 733 "
"192","ArtinAmerica","871 644 "
"193","6abc","868 873 "
"194","DisneyBrandTVPR","864 357 "
"195","VibeMagazine","862 403 "
"196","MotherJones","860 327 "
"197","printmag","858 108 "
"198","DesignObserver","857 516 "
"199","SPACEdotcom","853 822 "
"200","KTLA","838 771 "
"201","NEJM","835 502 "
"202","adultswim","830 705 "
"203","WSJecon","826 438 "
"204","nytimesbusiness","820 354 "
"205","ForeignAffairs","804 299 "
"206","NYDailyNews","801 699 "
"207","PublishersWkly","800 323 "
"208","ABC7Chicago","793 597 "
"209","abc13houston","793 557 "
"210","disclifechannel","788 108 "
"211","BostonGlobe","787 850 "
"212","FoxBusiness","787 398 "
"213","TheStreet","784 531 "
"214","CELEBUZZ","778 960 "
"215","PsychToday","777 003 "
"216","mental_floss","774 261 "
"217","DailyCaller","773 711 "
"218","usatodaytravel","761 403 "
"219","NBCNewsTech","756 844 "
"220","MotorTrend","756 837 "
"221","e_FashionPolice","739 841 "
"222","nprmusic","739 138 "
"223","FOXDeportes","735 254 "
"224","WritersDigest","731 930 "
"225","KHOU","726 740 "
"226","JustJared","724 543 "
"227","WIREDBusiness","719 950 "
"228","HIGH_TIMES_Mag","715 299 "
"229","LAWeekly","711 048 "
"230","dallasnews","706 291 "
"231","WSJhealth","700 746 "
"232","WSJmarkets","695 226 "
"233","PolitiFact","693 466 "
"234","architectmag","691 328 "
"235","theblaze","681 169 "
"236","CNBCnow","678 788 "
"237","seattletimes","677 680 "
"238","AMC_TV","676 367 "
"239","RoadandTrack","675 145 "
"240","KING5Seattle","672 502 "
"241","KPRC2","664 153 "
"242","TLC","661 849 "
"243","FreeformTV","658 719 "
"244","SAVEURMAG","653 372 "
"245","HoustonChron","645 033 "
"246","Adweek","644 428 "
"247","CBBonFOX","642 191 "
"248","DisneyD23","641 551 "
"249","NBCPolitics","633 411 "
"250","TheRoot","628 455 "
"251","FOX5Atlanta","627 237 "
"252","HouseBeautiful","626 304 "
"253","YahooEnt","616 137 "
"254","NBCPhiladelphia","615 735 "
"255","FOX29philly","613 738 "
"256","ArchRecord","611 925 "
"257","realDailyWire","610 305 "
"258","Shape_Magazine","605 385 "
"259","BloombergTV","599 530 "
"260","BHG","593 583 "
"261","FOX4","581 602 "
"262","NBCSportsSoccer","581 555 "
"263","axios","579 971 "
"264","WaltDisneyCo","579 195 "
"265","Beats1","578 762 "
"266","ESPNFantasy","573 126 "
"267","HuffPostTech","573 007 "
"268","wfaa","572 935 "
"269","Allure_magazine","562 731 "
"270","CBSHealth","562 612 "
"271","AP_Politics","562 435 "
"272","HuffPostArts","558 971 "
"273","latimesphotos","557 315 "
"274","latimesfood","553 569 "
"275","current","547 815 "
"276","CountryLiving","543 455 "
"277","cnntech","538 981 "
"278","TWCBreaking","535 673 "
"279","nytimeswell","535 099 "
"280","njdotcom","533 066 "
"281","TwitterCareers","532 521 "
"282","DIYNetwork","531 979 "
"283","splinter_news","528 146 "
"284","NPRextra","527 312 "
"285","xdadevelopers","527 252 "
"286","brgridiron","525 960 "
"287","NBCLA","525 199 "
"288","ringer","523 654 "
"289","Suntimes","521 054 "
"290","FS1","518 056 "
"291","cnnhealth","515 729 "
"292","thrashermag","515 006 "
"293","LANow","514 751 "
"294","nytpolitics","512 676 "
"295","vulture","509 333 "
"296","elnuevoherald","508 600 "
"297","foxnewsalert","497 434 "
"298","marthaliving","496 804 "
"299","ELLEDECOR","495 848 "
"300","kcrw","495 127 "
"301","freep","493 292 "
"302","ESPNU","490 485 "
"303","AtlantaMagazine","489 869 "
"304","SFGate","488 467 "
"305","SI_Swimsuit","485 737 "
"306","NatGeoMag","484 067 "
"307","News12NJ","483 275 "
"308","BeerAdvocate","482 514 "
"309","MiamiHerald","482 406 "
"310","LAmag","475 062 "
"311","NBCDFW","475 038 "
"312","KTVU","473 372 "
"313","luxemagazine","468 172 "
"314","latimestravel","466 479 "
"315","premiolonuestro","466 227 "
"316","Power1051","464 409 "
"317","latimeshealth","462 950 "
"318","nbcchicago","461 080 "
"319","COVID19Tracking","460 842 "
"320","blackvoices","457 855 "
"321","BostonDotCom","455 102 "
"322","9NEWS","451 813 "
"323","NY1","451 585 "
"324","denverpost","449 848 "
"325","OKMagazine","449 640 "
"326","Essence","448 322 "
"327","ForbesWomen","446 359 "
"328","KIRO7Seattle","441 308 "
"329","HuffPostGreen","438 389 "
"330","komonews","437 908 "
"331","CNNent","437 357 "
"332","PreventionMag","436 995 "
"333","abc15","436 720 "
"334","USATODAYmoney","432 836 "
"335","esquire","431 989 "
"336","thebump","431 666 "
"337","HuffPostEdu","430 515 "
"338","JAMA_current","428 907 "
"339","EBONYMag","424 580 "
"340","barstooltweetss","423 712 "
"341","PhillyInquirer","418 615 "
"342","TheArtNewspaper","414 729 "
"343","EpochTimes","411 678 "
"344","WashTimes","411 481 "
"345","Local4News","411 372 "
"346","ComplexPop","408 538 "
"347","technology","405 814 "
"348","postpolitics","404 698 "
"349","MONEY","404 036 "
"350","wxyzdetroit","401 524 "
"351","AETV","401 143 "
"352","11AliveNews","398 599 "
"353","azcentral","397 914 "
"354","playbill","392 561 "
"355","redeyechicago","392 435 "
"356","StarTribune","392 038 "
"357","beINSPORTSUSA","390 549 "
"358","artinfodotcom","388 808 "
"359","qz","386 978 "
"360","McKQuarterly","386 945 "
"361","LuckyMagazine","385 124 "
"362","PCMag","382 852 "
"363","WRAL","382 428 "
"364","WWEpublishing","381 206 "
"365","Recode","376 740 "
"366","NBCSPhilly","376 065 "
"367","GuitarWorld","375 323 "
"368","NY1weather","374 773 "
"369","Z100NewYork","373 508 "
"370","foxnation","372 857 "
"371","papermagazine","371 801 "
"372","BSSportsbook","370 988 "
"373","popstarmagazine","370 074 "
"374","countrydailywwo","369 271 "
"375","FOX2News","367 679 "
"376","GOLF_com","366 931 "
"377","HuffPostWomen","365 434 "
"378","wsjnoted","364 050 "
"379","bopinion","361 261 "
"380","YahooFantasy","361 239 "
"381","RT_America","360 901 "
"382","Oregonian","360 662 "
"383","kare11","360 223 "
"384","TandCmag","358 294 "
"385","Bossip","357 939 "
"386","News12LI","355 164 "
"387","CBSTweet","354 843 "
"388","nbcbayarea","352 737 "
"389","NBCNewsBusiness","352 156 "
"390","Showtime","352 136 "
"391","outsidemagazine","351 494 "
"392","fitpregnancy","349 762 "
"393","DailyMail","347 368 "
"394","CTmagazine","346 902 "
"395","pdnonline","345 701 "
"396","successmagazine","341 078 "
"397","USATODAYhealth","340 461 "
"398","archpaper","339 814 "
"399","boston25","338 326 "
"400","1027KIISFM","337 655 "
"401","POPSUGARFashion","337 206 "
"402","baltimoresun","333 235 "
"403","FOX26Houston","332 225 "
"404","huffpostqueer","331 790 "
"405","10TV","330 719 "
"406","ReutersWorld","330 695 "
"407","Power106LA","328 953 "
"408","Revolvermag","328 814 "
"409","WGNNews","327 773 "
"410","NBCNewYork","325 728 "
"411","MLive","325 320 "
"412","FOX13News","325 144 "
"413","nbcwashington","324 055 "
"414","NewsfromScience","323 037 "
"415","C4Gogglebox","321 397 "
"416","DMagazine","321 008 "
"417","WSJTech","320 556 "
"418","statesman","318 461 "
"419","orlandosentinel","317 798 "
"420","aldotcom","317 077 "
"421","WSJpersfinance","317 020 "
"422","tvonetv","317 004 "
"423","USNewsEducation","316 696 "
"424","lifetimetv","313 821 "
"425","SPEED","313 448 "
"426","blackenterprise","312 692 "
"427","FOX10Phoenix","312 214 "
"428","Seattlemag","312 189 "
"429","WCVB","312 062 "
"430","fox5dc","311 624 "
"431","SmithsonianMag","310 864 "
"432","TennisChannel","310 314 "
"433","CBSPolitics","308 243 "
"434","SHOsports","307 224 "
"435","nbc6","306 820 "
"436","washingtonian","306 491 "
"437","detroitnews","303 976 "
"438","HoustonPress","303 052 "
"439","weeklystandard","297 455 "
"440","big_picture","297 334 "
"441","TheAdvocateMag","296 006 "
"442","TheScope","295 901 "
"443","Tennessean","295 846 "
"444","DonFranciscoTV","294 566 "
"445","NBCNewsWorld","294 431 "
"446","Surfer","294 139 "
"447","SIRIUSXM","291 901 "
"448","Newsday","290 504 "
"449","TB_Times","290 177 "
"450","dailykos","289 783 "
"451","WTOP","288 296 "
"452","lasvegasweekly","287 361 "
"453","BBCNorthAmerica","287 279 "
"454","cgtnamerica","286 725 "
"455","goodlife","286 309 "
"456","NBCSportsBet","286 255 "
"457","nytimestech","285 599 "
"458","FOXLA","285 334 "
"459","Chicago_Reader","284 891 "
"460","DenverChannel","284 666 "
"461","chronicle","284 183 "
"462","SiriusXMHits1","283 003 "
"463","revolttv","282 203 "
"464","ReutersPolitics","281 987 "
"465","BBCAMERICA","281 745 "
"466","HipHopWeekly","281 044 "
"467","TigerBeatNow","280 408 "
"468","BaseballAmerica","280 199 "
"469","dcexaminer","279 990 "
"470","oxygen","279 752 "
"471","PageSix","279 367 "
"472","247Sports","278 648 "
"473","TPM","278 424 "
"474","NBCConnecticut","277 272 "
"475","InterviewMag","277 079 "
"476","espnW","276 961 "
"477","ABC11_WTVD","276 251 "
"478","SunSentinel","275 360 "
"479","EdWeekTeacher","275 029 "
"480","SYFY","274 133 "
"481","wsoctv","272 953 "
"482","wbaltv11","272 837 "
"483","HuffPostBooks","272 583 "
"484","VH1Music","272 175 "
"485","WTNH","271 023 "
"486","UpsideStories","270 337 "
"487","indystar","270 288 "
"488","PFF_Fantasy","270 263 "
"489","HLNTV","269 325 "
"490","reviewjournal","269 027 "
"491","mashbusiness","267 728 "
"492","WSMV","267 402 "
"493","asis","264 894 "
"494","ChicagoMag","264 883 "
"495","reason","262 387 "
"496","nytvideo","262 089 "
"497","stltoday","261 439 "
"498","FOX59","260 953 "
"499","NOLAnews","260 467 "
"500","azfamily","260 352 "
"501","NYTmag","259 822 "
"502","WineSpectator","257 719 "
"503","PopMech","257 410 "
"504","USA_Network","257 114 "
"505","YahooSportsNBA","257 098 "
"506","wjz","256 981 "
"507","outmagazine","256 889 "
"508","FOX5Vegas","256 406 "
"509","CBSLA","255 846 "
"510","mercnews","252 160 "
"511","UpshotNYT","252 038 "
"512","starsandstripes","252 002 "
"513","ksatnews","251 742 "
"514","sfchronicle","251 672 "
"515","starledger","251 019 "
"516","J14Magazine","250 184 "
"517","ConsumerReports","249 795 "
"518","villagevoice","248 876 "
"519","cheddar","248 792 "
"520","Faces_SI","247 866 "
"521","YESNetwork","247 628 "
"522","BigTenNetwork","247 173 "
"523","theobserver","247 151 "
"524","nprscience","246 713 "
"525","nbcsandiego","245 824 "
"526","8NewsNow","244 907 "
"527","HuffPostRelig","243 510 "
"528","CityLab","242 919 "
"529","NashvilleScene","242 605 "
"530","LasVegasSun","242 358 "
"531","fox12oregon","242 312 "
"532","FOX2now","241 320 "
"533","5280Magazine","241 113 "
"534","usatodaysports","241 055 "
"535","fox8news","240 974 "
"536","LibraryJournal","240 214 "
"537","Inkedmag","239 919 "
"538","fox35orlando","239 495 "
"539","economics","238 327 "
"540","realtormag","237 372 "
"541","automobilemag","236 934 "
"542","WillCainShow","236 104 "
"543","ksdknews","236 075 "
"544","make","235 855 "
"545","KGWNews","235 689 "
"546","DenverWestword","235 196 "
"547","WCCO","235 053 "
"548","PasteMagazine","234 579 "
"549","AstronomyMag","234 518 "
"550","kcranews","233 645 "
"551","Storify","232 771 "
"552","MilitaryTimes","232 517 "
"553","KLOVERadio","232 148 "
"554","hallmarkchannel","228 017 "
"555","MSN","227 493 "
"556","VICETV","227 204 "
"557","intouchweekly","226 161 "
"558","TheDrum","226 081 "
"559","sacbee_news","224 706 "
"560","KVUE","223 668 "
"561","WFSBnews","222 894 "
"562","poetrymagazine","222 632 "
"563","wcnc","222 043 "
"564","newsobserver","221 456 "
"565","Automotive_News","221 156 "
"566","965TDY","220 502 "
"567","longform","220 284 "
"568","Dallas_Observer","219 131 "
"569","WineEnthusiast","218 459 "
"570","CBSDenver","218 376 "
"571","thepennyhoarder","217 998 "
"572","KATUNews","217 953 "
"573","WESH","217 435 "
"574","fox4kc","217 183 "
"575","MiamiNewTimes","215 836 "
"576","imbibe","215 505 "
"577","GrantaMag","215 187 "
"578","TelemundoSports","214 629 "
"579","Myspace","214 274 "
"580","HuffPostFood","213 056 "
"581","CookingLight","212 698 "
"582","WFTV","212 386 "
"583","usatodayDC","212 305 "
"584","RealClearNews","212 089 "
"585","TexasMonthly","211 998 "
"586","OGJOnline","211 691 "
"587","SFWeekly","210 542 "
"588","Life_and_Style","209 586 "
"589","LogoTV","209 529 "
"590","truTV","209 290 "
"591","OUTDChannel","209 179 "
"592","goodhousemag","208 988 "
"593","TransWorldSKATE","208 961 "
"594","mySA","208 266 "
"595","PhysicsToday","207 702 "
"596","martechismktg","206 645 "
"597","AdFreak","206 591 "
"598","GuardianUS","206 381 "
"599","PanAmPost_es","205 657 "
"600","FastCoImpact","205 628 "
"601","wbz","205 398 "
"602","InfosecurityMag","204 969 "
"603","KXAN_News","204 492 "
"604","WWLTV","203 268 "
"605","CBSPhilly","203 187 "
"606","WISH_TV","202 087 "
"607","phillymag","202 007 "
"608","985TheSportsHub","201 833 "
"609","factcheckdotorg","201 133 "
"610","WomansDay","200 945 "
"611","PoliticalTicker","200 413 "
"612","WKRN","200 090 "
"613","paramountnet","200 086 "
"614","Local12","199 572 "
"615","WPXI","199 220 "
"616","POPSUGARBeauty","198 356 "
"617","CBSTVStudios","197 634 "
"618","WCPO","196 526 "
"619","brides","196 087 "
"620","fox5sandiego","195 869 "
"621","kexp","195 535 "
"622","boxofficemojo","194 790 "
"623","newsbusters","194 300 "
"624","WNYC","193 476 "
"625","PFF_College","193 425 "
"626","GunsAndAmmoMag","192 762 "
"627","WGRZ","192 286 "
"628","barronsonline","192 195 "
"629","971theticketxyt","191 711 "
"630","sdut","190 318 "
"631","FLEX_Magazine","190 189 "
"632","SecurityWeek","189 774 "
"633","NEWS9","189 203 "
"634","AP_Images","189 163 "
"635","WPLGLocal10","188 561 "
"636","FXNetworks","188 457 "
"637","SeattleMet","188 297 "
"638","Motorsport","188 152 "
"639","TheShadeRoomm","188 140 "
"640","BerricsMagazine","188 062 "
"641","observer","187 633 "
"642","EdTech_K12","187 263 "
"643","KSLcom","186 616 "
"644","TwitterU","186 488 "
"645","Stardom101Mag","186 283 "
"646","HuffPostComedy","186 192 "
"647","LonnyMag","186 110 "
"648","LilBankhead945","185 975 "
"649","seattlepi","185 874 "
"650","WSJRealEstate","185 653 "
"651","wkyc","185 642 "
"652","WomensRunning","185 454 "
"653","MensHealthStyle","185 091 "
"654","citypages","184 488 "
"655","MuscularDevelop","184 442 "
"656","barstoolchicago","184 313 "
"657","Channel955","184 206 "
"658","MetropolisMag","183 459 "
"659","nytimesmusic","182 937 "
"660","WAVY_News","182 856 "
"661","usatodaytech","182 796 "
"662","lgbtqnation","181 631 "
"663","WEtv","181 586 "
"664","atlblog","181 254 "
"665","HawaiiNewsNow","181 188 "
"666","traditionalhome","180 522 "
"667","SexenioUSA","180 400 "
"668","foxsportslive","180 398 "
"669","WSJworld","180 321 "
"670","kroq","180 152 "
"671","wbir","180 107 "
"672","979TheBox","178 904 "
"673","PhillyDailyNews","178 869 "
"674","PioneerPress","178 707 "
"675","ATTSportsNetPIT","178 125 "
"676","TheAtlHealth","178 009 "
"677","news4buffalo","178 008 "
"678","WSJdeals","177 840 "
"679","cbschicago","177 367 "
"680","MSNBCDaily","177 221 "
"681","DLasAmericas","177 023 "
"682","nytgraphics","176 766 "
"683","newrepublic","176 710 "
"684","wcp","176 634 "
"685","hot1079atl","176 471 "
"686","10News","176 354 "
"687","golfweek","176 046 "
"688","GuitarPlayerNow","176 011 "
"689","MarthaWeddings","175 502 "
"690","pbpost","175 128 "
"691","sportsnettv","174 870 "
"692","Benzinga","174 844 "
"693","townhallcom","174 671 "
"694","nbc4i","174 633 "
"695","6News","174 209 "
"696","DisneyCareers","174 198 "
"697","TheCurrent","173 987 "
"698","Wazzuptonight","172 693 "
"699","PittsburghPG","171 886 "
"700","BarstoolRadio","171 565 "
"701","KDVR","170 469 "
"702","sltrib","170 431 "
"703","WHAS11","170 331 "
"704","7NewsDC","170 117 "
"705","latimesent","169 763 "
"706","AutoweekUSA","169 523 "
"707","moviemakermag","169 391 "
"708","twistmag","169 130 "
"709","CBSNewYork","169 008 "
"710","ONEEsports","168 849 "
"711","3onyourside","168 678 "
"712","WSJMoneyBeat","166 229 "
"713","stylemepretty","166 171 "
"714","MTV2","166 019 "
"715","_workingmother_","165 635 "
"716","HustlerMag","165 326 "
"717","BicyclingMag","165 095 "
"718","AOL","164 274 "
"719","SLAM_HS","164 268 "
"720","News3LV","163 314 "
"721","10TampaBay","163 088 "
"722","Pac12Network","163 056 "
"723","YahooMusic","163 041 "
"724","VegNews","162 641 "
"725","THV11","162 487 "
"726","defense_news","162 269 "
"727","V103Atlanta","161 915 "
"728","HuffPostCeleb","161 893 "
"729","KENS5","161 884 "
"730","KATVNews","161 857 "
"731","WPTV","161 414 "
"732","BallySportsMW","160 633 "
"733","memphisnews","160 436 "
"734","Health_Affairs","159 483 "
"735","MsMagazine","159 365 "
"736","WFLA","159 256 "
"737","41actionnews","159 176 "
"738","SoccerInsider","159 121 "
"739","DMRegister","159 055 "
"740","TheAthletic","159 017 "
"741","KETV","158 685 "
"742","BETherTV","158 047 "
"743","abcactionnews","157 749 "
"744","usnews","157 416 "
"745","Womenworking","156 742 "
"746","JuxtapozMag","156 161 "
"747","seattleweekly","155 913 "
"748","foxnewsradio","155 424 "
"749","RobbReport","155 300 "
"750","fox13","155 253 "
"751","CJR","154 651 "
"752","MMAWeeklycom","154 146 "
"753","creativitymag","154 056 "
"754","GuyGourmet","153 848 "
"755","clarionledger","153 756 "
"756","fusetv","153 665 "
"757","MacLife","153 514 "
"758","CBS8","153 379 "
"759","ABC10","152 412 "
"760","NoemaMag","151 530 "
"761","BackpackerMag","151 131 "
"762","BallySportsDET","150 575 "
"763","postlocal","150 420 "
"764","phoenixnewtimes","149 761 "
"765","koconews","149 375 "
"766","Shade45","149 344 "
"767","AsburyParkPress","148 644 "
"768","NRA_Rifleman","148 101 "
"769","ESPNNewYork","147 855 "
"770","SoapDigest","147 679 "
"771","billboardbiz","147 658 "
"772","FOX9","147 656 "
"773","velonews","147 366 "
"774","WSJPolitics","147 281 "
"775","Latina","147 263 "
"776","DimeUPROXX","146 902 "
"777","EducationNext","146 762 "
"778","NYTMetro","145 880 "
"779","WIREDPhoto","145 583 "
"780","Enquirer","145 516 "
"781","GetJETmag","145 297 "
"782","WEEI","144 124 "
"783","myfox8","143 822 "
"784","wdsu","143 464 "
"785","wicwradio","143 413 "
"786","FOX13Memphis","143 246 "
"787","IEEESpectrum","143 124 "
"788","ALcomBirmingham","142 847 "
"789","WBEZ","142 221 "
"790","BuzzFeedPol","141 735 "
"791","nessnitty","141 143 "
"792","FOX61News","141 123 "
"793","stratandbiz","140 648 "
"794","dirtysouthradio","140 071 "
"795","FoxNewsInsider","140 014 "
"796","13NewsNow","139 902 "
"797","m_magazine","139 838 "
"798","WNEP","139 191 "
"799","whiotv","138 983 "
"800","WOODTV","138 643 "
"801","the_churchnews","138 467 "
"802","FoxNewsOpinion","138 449 "
"803","DandC","138 357 "
"804","WGR550","137 920 "
"805","HipHopNation","137 277 "
"806","WLWT","137 119 "
"807","Backstage","136 915 "
"808","elpasotimes","136 707 "
"809","thedrive","136 613 "
"810","NBCSChicago","136 573 "
"811","AlterNet","136 433 "
"812","nationaljournal","136 338 "
"813","BuzzFeedBooks","135 465 "
"814","premierguitar","135 092 "
"815","dfwticket","135 064 "
"816","hgtvdecorating","134 781 "
"817","KARK4News","134 559 "
"818","CBS6","134 152 "
"819","REWorld","133 854 "
"820","Bipartisanism","133 319 "
"821","GetGlobalNet","132 777 "
"822","philsteele042","132 734 "
"823","SiriusXMNASCAR","132 369 "
"824","fox7austin","131 976 "
"825","TVInsider","131 951 "
"826","WCCOBreaking","131 784 "
"827","MojoInTheMorn","131 670 "
"828","FCN2go","131 393 "
"829","LALATE","131 354 "
"830","npquarterly","131 272 "
"831","TheWeek","131 255 "
"832","MilkStudios","130 905 "
"833","bwdradio_","130 808 "
"834","MontanaCWR","130 526 "
"835","publicintegrity","130 292 "
"836","SNYtv","130 203 "
"837","EatingWell","130 187 "
"838","WorldOil","130 047 "
"839","Brexit","128 984 "
"840","ABC_Publicity","128 589 "
"841","NCRegister","128 255 "
"842","surferfilms","127 254 "
"843","NatSecCNN","127 022 "
"844","KOINNews","126 796 "
"845","HuffPostEnt","126 466 "
"846","CBSSportsNet","126 255 "
"847","ReutersTV","126 200 "
"848","FOX40","125 942 "
"849","ObserverMKTG","125 699 "
"850","BravesOnBally","125 406 "
"851","PlayboyRadio","125 004 "
"852","Dance_Magazine","124 835 "
"853","fox5ny","124 744 "
"854","wrtv","124 596 "
"855","TravelWeeklyUS","124 411 "
"856","theGrio","123 910 "
"857","VERANDAmag","123 835 "
"858","BR_CFB","123 827 "
"859","WFAN660","123 333 "
"860","wusa9","123 309 "
"861","RiverfrontTimes","123 078 "
"862","whnt","123 019 "
"863","KCCINews","122 817 "
"864","virginianpilot","122 527 "
"865","KHONnews","121 636 "
"866","sanfranmag","121 556 "
"867","BuzzFeedVideo","121 505 "
"868","TheAtlIdeas","121 221 "
"869","edmodo","121 160 "
"870","wyffnews4","120 984 "
"871","IBTimes","120 911 "
"872","dealbook","120 731 "
"873","mrdreamzmag","120 344 "
"874","KSTP","120 226 "
"875","MSN_Money","120 224 "
"876","TriathleteMag","120 009 "
"877","projo","119 992 "
"878","HealthITNews","119 948 "
"879","JTAnews","119 887 "
"880","Harpers","119 882 "
"881","WLTX","119 821 "
"882","CNNbelief","119 547 "
"883","ringernba","119 542 "
"884","HuffPostCollege","119 405 "
"885","delawareonline","119 020 "
"886","CNNInternatDesk","118 978 "
"887","SCMagazine","118 899 "
"888","connpost","118 615 "
"889","982thebeat","118 472 "
"890","newscentermaine","118 108 "
"891","readersdigest","118 081 "
"892","997now","117 899 "
"893","7Vegas","117 701 "
"894","ReutersUS","117 678 "
"895","FOX19","116 764 "
"896","ForbesLife","116 441 "
"897","DiscoveryIncTV","115 778 "
"898","gardenandgun","115 427 "
"899","talenthouse","115 191 "
"900","WEWS","114 831 "
"901","TelemundoIntl","114 478 "
"902","HousingWire","114 349 "
"903","MediaPost","113 823 "
"904","DisneyXD","113 285 "
"905","VegasMagazine","113 198 "
"906","cnsnews","112 987 "
"907","ActionNewsJax","112 585 "
"908","InformationWeek","112 363 "
"909","EconUS","112 070 "
"910","HuffPostImpact","111 952 "
"911","RepDeportiva","111 475 "
"912","attn","111 437 "
"913","Veralyn_Keach","111 339 "
"914","TBSNetwork","111 033 "
"915","ringmagazine","110 482 "
"916","cbsaustin","109 424 "
"917","HuffPostChicago","109 410 "
"918","Inside_Lacrosse","109 040 "
"919","IFC","109 019 "
"920","TheOklahoman_","108 884 "
"921","DailyFrontRow","108 375 "
"922","TVyNovelasUSA","108 215 "
"923","DeseretNews","107 617 "
"924","MTVstyle","107 412 "
"925","HPStreet","106 484 "
"926","knoxnews","106 452 "
"927","WTOL11Toledo","106 090 "
"928","Q997Atlanta","106 051 "
"929","BuzzFeedEspanol","105 980 "
"930","PoliticsNation","105 893 "
"931","The_Bark","105 696 "
"932","TheIJR","105 291 "
"933","koat7news","104 711 "
"934","WSJLogistics","104 572 "
"935","KNBR","104 133 "
"936","KPIXtv","104 032 "
"937","WTKR3","103 861 "
"938","NBCSBoston","103 798 "
"939","CBSSportsCBB","103 522 "
"940","News_8","103 481 "
"941","abc27News","103 302 "
"942","SPORTSMANchnl","103 239 "
"943","WGNTV","103 175 "
"944","Cinemax","102 445 "
"945","timesunion","102 291 "
"946","LiveHipHopRadio","101 961 "
"947","SiriusXMNFL","101 679 "
"948","WomenEnt","101 612 "
"949","8NEWS","101 499 "
"950","SoapsInDepthABC","101 387 "
"951","ksbw","101 277 "
"952","PacificStand","100 820 "
"953","afropunk","100 790 "
"954","PSFK","100 747 "
"955","975TheFanatic","100 065 "
"956","courierjournal","99 608 "
"957","cbs46","99 501 "
"958","denbizjournal","99 396 "
"959","NECN","99 327 "
"960","si_mlb","99 005 "
"961","wpri12","98 674 "
"962","NBCUniverso","98 367 "
"963","SpectrumSN","98 093 "
"964","krqe","98 047 "
"965","wvlt","98 035 "
"966","MensJournal","97 958 "
"967","WISN12News","97 784 "
"968","AmerIndependent","97 392 "
"969","lohud","96 213 "
"970","br_CBB","96 187 "
"971","Q102Philly","95 874 "
"972","ABCNews4","95 710 "
"973","957thegame","95 523 "
"974","onmilwaukee","95 210 "
"975","fwd","95 203 "
"976","dailycamera","95 192 "
"977","craft","95 032 "
"978","FUELTV","94 405 "
"979","SuperStreetMag","94 201 "
"980","GreenvilleNews","93 209 "
"981","GoogleRetail","92 951 "
"982","MusicRow","92 787 "
"983","keloland","92 646 "
"984","News12CT","92 569 "
"985","TacticalLife1","92 183 "
"986","KQED","91 692 "
"987","BallySportsNOR","91 516 "
"988","KTVB","90 976 "
"989","socialmediamos","90 952 "
"990","NBCSAuthentic","90 104 "
"991","WhatsNewsWSJ","90 083 "
"992","daytondailynews","89 800 "
"993","ObserverArts","89 661 "
"994","ESPNBoston","89 348 "
"995","FieldandStream","89 187 "
"996","FOX16News","89 141 "
"997","unifamosos","88 482 "
"998","WFMU","88 295 "
"999","FOX23","88 026 "
"1000","CommArts","87 948 "
